0HugoHu/HugoHu-Python-PySpark,57848da
18F/identity-terraform,9eebc4d
283375/arcaea-offline,9086133
2pair/gdipak,d0d1bbc
A-F-V/Refactoring-Agent,2d031cf
APS-Networks/bfrt-helper,7ea485a
Adeniyilowee/CI-CD-with-Github-Actions,25c6364
Aditya-1998k/CacheCraft,39b6213
AgeOfLearning/upackage,b5b6d78
Aggify/aggify,1748e98
AlexOrlek/figleaf_fasta,2ac9d84
AlexRiina/checkmyreqs,66af15e
AlexanderCollins/TurboDRF,9aad5cc4754ceaf9367c69c4de12f742210a2a5a
AliAkhtari78/SpotifyScraper,b28196281c957ea7f11dcdae00113287dc89b080
AllenInstitute/aics-ml-segmentation,6ee1713100666ff4cd32380a75cc628124d9c2dc
AllenInstitute/ecephys_spike_sorting,6210caa
AllenInstitute/open_dataset_tools,e67b88b03b20f47793493f4ce4f2b4eaffab47f0
AlvaroMenduina/ZERN,8a085b6
Amitabh1989/Design-Patterns-with-Python,001f9cb
AndrewRPorter/flask-react-nginx,24f2bcf
AnthonyDiGirolamo/todotxt-machine,04a0306ea30c2645f2474da5830852ccd8e49082
AntoineGagne/cmus-notify,e8f95c9
AppDaemon/appdaemon,9be468a
Apress/python-continuous-integration-delivery,46f6edacb2d3222a56eb7a14c485e0b812236b7b
Arcadia-Science/readlif,586f24bba1e263d1c7414131bf95e7de86a853c8
Arpitpandey992/VGMDB-Auto-Tagger,532a177
Ashut90/mongodb_connectorpkg,f777e21
Astropilot/thumbhash-python,9cd0ebd18def64f7ba706c80f54191ba07010ac5
Azazel0203/ocr_captcha,aaf550f
Azure/azure-iot-hub-python,8c8f315
BlaiseMuhirwa/flatnav,460f8fbce8cd3c9863bc07a3886a499a6198eb1b
Bogdanp/cursive_re,e1bcc254bc0d4f5aae9bf854de3c0db92f267c4a
Borda/pyDeprecate,52ac44d
BramVanroy/astred,8d7c9c07e8c10e3fa9e3b88d639c379f0b5d89e9
Bugs-Zero/HumanDoTask,9a9b194
Building-Transparency/ECHO-schema,7b4305da746a7fd4f550fa2c7c8715d81cd442d4
CMakePP/CMinx,32f8157004386c968d533eb79b1fc8516d20fcd5
CUNY-CL/citylex,09539b8
CausalInferenceLab/Lang2SQL,717bfb162ddcdc9238f3f390c8851f7a6d8be428
ChapSpace/CourseConstrainSolverBackend,6917506
ChristopherJohnston/motu_datastore_client,ed8c428c49e69666b60edfbea6fea245ea9e3b0d
City-of-Helsinki/django-orghierarchy,8f3fa46
CloudHeads/serverless_exceptions,109c61d88792e50e432f9fc64de4cb372fc52df7
Code-Society-Lab/grace,fc55da42f99cf5e3bc88f90f876660ff07eb24de
CodeAndCandlesticks/py-schwab-wrapper,35079a4
CommunityDragon/CDTB,6e3482af62e7358fad069b12278a3b0244884d4d
CultCornholio/RedTeamTP,63261bffacbfea32b03769bb10f4923ffa4caf7e
DAI-Lab/RivaGAN,efffa72a4ca46d4d5051f6970c96424c2cdab441
DCZYewen/Python-Silk-Module,7fe9a0aea4a34e4917ef2b2314f1df4c42d3b3f3
DIG-Kaust/pymarchenko,2b5ebbda5b7e039e03e3ad13734f91f22b7205a4
DJLemkes/dbt-diagrams,ff541964f118dad2b7d95fc77bb2b6432d4c34d7
DLR-AE/PanelAero,fe1e08456c5bd164badacdcde11074ea9d4e5c68
DevCloudNinjas/django-multitenant-saas-ecommerce,a5ee81d
DocNow/twarc-network,5f1118ab14a9b66803988bcb6b6a08af8cd0632c
EDCD/EDMarketConnector,11d4c0cca1b8a333e8b54b47e8100b85561063ea
EFRAG-EU/Digital-Template-to-XBRL-Converter,92493146ba9c057e8c6a2047da5786c25d4f4aab
EandrewJones/tornado_template,bcf475d
EigenPro/EigenPro,da9c07020a699ab96756f7aad092191d9aeec783
ElasticEmail/elasticemail-python,533ab5a06e3bac64138db6f3ecf61676730ff604
ElianGroff/ezmk,4ff3050
ElviinGit/LikeButton,c33bf64
EmilStenstrom/conllu,60df138
EndurantDevs/botstat-seo,8193bb8
Ethos-lab/ares,a0b1768ec3191318ea33b5cd89c3f1997a1069d8
FEMlium/FEMlium,ee83fc5629b02ff4e7d7f1a07a43bd0f385135c4
FND/markdown-checklist,3cad617da8842e4aefc9bdd3265c18da65a28d05
Farama-Foundation/chatarena,2aeb4fc7bc59db38076a7f4b317bc3569856ecf2
FlatIO/api-client-python,df9128089e773d2fbf4595e3449caa7067de7e53
ForecastOS/investos,4b02de951bf7845354406a49541de78e9e938d7d
FrankD412/pyaestro,6269e96
G-Node/python-odml,98fa2e658313c299c4d237e3b8e7dc16f6727e60
GabrielCappelli/openapi-specgen,e864889
Gia-Corp/TheMovieProject,5a4a44e
GitYCC/bert-minimal-tutorial,c527d20
Good-Data-Hub/taxonomy4good,e873b69
GoogleCloudPlatform/agent-starter-pack,638aba06fd69d49be32847e8410918e9a79eaaad
GoogleCloudPlatform/kubernetes-engine-samples,58e4f0b42f452dd275d9647f105c0904f4051553
Gsllchb/DotDot,17afff7
HBNetwork/python-decouple,0573e6f
HBaraa/HBaraa-Projet7-Papy-robot,2811754
HDE/python-lambda-local,21541ce0e5b044dd67dc4b2239d93bec48682145
HGX-Team/hypergraphx,cad822b7c1c615b4bff485aefc882c421c9a746f
HRI-EU/score,2ac72ab
HTTP-APIs/hydra-python-core,630a8b3
Hazboun6/PulsarDataToolbox,d4c4a508f90fec77cc60be48776bf8300e98aeaa
HewlettPackard/catena,01805b6
HintikkaKimmo/surebet,f17f0c93b506f9bcfa085be08bda3a1735daf05a
IBM/apiconnect-trawler,5613569
ICAERUS-EU/uavgeo,72355491c5131e2911b8590e648eccab30dbf478
Innoptech/OpenSTL,a82f8b1f7edff233297e0b7bb440d3c780e02162
JCSadeghi/PyIPM,a90b227
JDArmy/TextWatermark,9a3219ef6b14663be855b0631e035df4f9ea08bf
JohanLi233/Viby,5aac44240507b7988c965a12ca9d63305f334710
JonnyHaystack/i3-resurrect,bf7762e
Josverl/micropython-stubs,96d06f782a17419189ed9c164ebd36a977cdf025
JuanVilla424/cazira,7441c96
JuanVilla424/github-cicd-template,0be736e
JuanVilla424/jhaniter,5fdde98
JuanVilla424/qzark,bfd21bf
JuanVilla424/unkognito,1dd2e71
JuroOravec/djc-heroicons,8843822
JuryA/landscape_api_py3,a8708ec
K0lb3/UnityPy,7b887a07afacf0a6cb910603df0bab3e890f3932
KenyonY/openai-forward,ec38ef1ecdbf95d0ec5862b22f5169170a0c670a
KiraPC/fastapi-router-controller,4d10554ce68eb1ec81297852b290641b267f04e2
Kirtimaanwani/Travel-package-purchase-prediction,d53e013
KyleJamesWalker/pr-changes-matrix-builder,1969d2edd3ac7dc870eed3a8c7bf2c56802b3afc
LiquidFun/Airway,fd32593
Liutos/fledgling,0a24501
LoicSteve/pytest-tip-tricks,e1980a6
ML-KULeuven/deepproblog,879bda3e93293cabf37541a6d82212c3ead43f2c
ManoManoTech/loggia,6b399731d35ba76dca2ffb48f5d2b959b1486986
MantisAI/nervaluate,0efdd4157b3f957ca77dfb9c124fb7147bb8d018
Marcus9512/Recreation-of-U-Net-Convolutional-Networks-for-Biomedical-Image-Segmentation-,e656ad1
MarkGodwin/tplink-omada-api,db5aba4
MartijnBraam/python-isc-dhcp-leases,e4969dd72994f70d9034572e14873f0169a6662c
MateoRamirezRubio1/mini-blog-rest-api,3f7b52b
MattParr/python-atws,764f93a35982c49066f03354c79670d7defe0bb7
MaxiSim/Tp4_33661_34334_34337_34498,63aa026
Md-Emon-Hasan/AI-From-University,2a54f8c
Melevir/flake8-obey-import-goat,96e5959
MicaelJarniac/BuildURL,6284ff5
MichaelisTrofficus/gpt4docstrings,518ee7732eb9b28b01466a05c137cc0913f07ce4
MikeSchapp/BabyScout,5725e4b
Moglius/deploy-aws-stuff,c47a79b
MrBlenny/py-d2,41754e60ff261ae12fb02c9ff4aaccef30437d0b
Mustangodhra/xmltoxsd,1822a59
NREL/EP-Launch,e2e3063
NREL/NRWAL,dc7e65fce35fa24c3152eb208ebb792a6f9a9494
Nazime/coloring,59eb825744b7c247537560cff90269e8488592f8
NicolasLM/atoma,78f04f604deebb5a060ff5493b571cdd8f559495
Niketkumardheeryan/ML-CaPsule,b2df3d02ceb03283e88ba41b2a9d318e04b576ca
NiklasvonM/EnsembleLearning,a07ec86
NixOS/nixpkgs-merge-bot,03e2c8801124d86f546a736333920986c7279625
NoAchache/TextBoxGAN,9223733db9495bbd6b7613029cb35080c80ca704
OU-CS3560/grading-lib,bce8fd6
Octoframes/jupyter_capture_output,db1f4b73984e5b50f634667b9df32ec93ba0bb7c
OliverDrechsler/fetchmail_bot,89cca5a
OnroerendErfgoed/skosprovider_atramhasis,5edbe65
OnroerendErfgoed/skosprovider_rdf,977e058
Osmose/firefox-cert-override,58898cf5b793cfaddf86ee0e8d28b3165f7ed93a
OutSystems/outsystems-pipeline,0bea1fc1970f8b99fe86c07a6f403e42988e221d
PRIDE-Archive/pridepy,68cb4acd5362381e5b3ea4058fca962215430bd7
PacktPublishing/LLM-Engineers-Handbook,5b7c5afdd6668226fb56183c64006eb7b51382c7
Parsely/streamparse,aabd9d0
Perlence/PyGuitarPro,d8644bb2d54ba3584068d9c8bd2ab095b334e361
Prasun6736/MLOPS-BASIC,25ca152
Preemo-Inc/gradientai-python-sdk,d63b4f19ea9cd518be4d2039a86c6c16e323ef82
Preia-Starle/casino-war-game,1c33e03
PwCUK-CTO/rtfsig,4d5e9f90b8d57765ac2f7e70a398a668c981626f
PyFeeds/PyFeeds,2fe9718b285244c51fc0f8f25d24cf0777de6fa3
Pylons/paginate,f3ce472751a010a5d371ecde11e8bcc478b76bc6
Quantum-Accelerators/template,5969b1b999328c57704b35b7198505bef5f1854e
Quantumke/mpesawrapper,0e55df6
Qwlouse/shapeguard,d6ee4256d902ed1850a6e1c80f7ac637dad107a6
R3tr074/Burn-Byte,6e82aa2
RedHatProductSecurity/osidb-bindings,f3d528a
RedHatQE/wrapanapi,85ac73c90eef34eb80c7adf7ff1b9de4966111b8
Renumics/lexio,0d43ec32b27e50bf1ae025d6330c320bfec161c5
Ritupds/DockerImagehub,09eee15
Rockhopper-Technologies/prefixed,4f5d298efca1ac89d93c6b552ba8e6b396730f3b
RookieGameDevs/revived,b98dbc6
SPRITZ-Research-Group/LOCARD-Tools,a489270835b603f06ac32f15b9994bf9fa9fdd43
STIXProject/stix-validator,ddc2582ad80c53299861cd260f9f1bf0133d090c
SWxTREC/pymsis,cdd4043395bf3485fe9295afe862e0a607a0e7fb
Saket-Upadhyay/SkyDaddy,85ef438
SasView/sasdata,ff06923
Scarvy/readwise-reader-cli,90de5a30890f307088c5fa1e3d75bd9aec79a69d
SciKit-Surgery/PythonTemplate,2e7041d
SemaphoreSolutions/s4-clarity-lib,d0d9cd029a9875d82926f94fb900b164c43b0929
ShishirPatil/gorilla,eca516a
Significant-Gravitas/Auto-GPT-Plugins,84cdb22ae683aff27204d7b472869a42b4982f92
Snowflake-Labs/geff,6caf935
Spico197/CatalogExtraction,46c5ae27fe416b1e3883d7637c597e6afe9b524d
Springerle/py-generic-project,0f6c1315bc272c92412f5de85aeac0847f7e19ed
Syndace/python-omemo,e6eccd9990336c906fe7cffd4545dd1aaa102503
TCatshoek/fastapi-nextauth-jwt,5ad8a90eec0fc73866f0bc81950ce1801d639be0
TaatiTeam/pose_sequence,b130dba
TerrenceHo/monorepo,947ddfb
Tethik/flask-session-captcha,518467d85dac57e16d8ea92da401a4a72de98b08
TheRenegadeCoder/SnakeMD,c87bff692c4ba0304372986fd355cc46df616cec
TheoChem-VU/PyFrag,00bbe43309ecc6d1fdd541cb9f53dcb10e83542c
TurboGears/gearbox,c59ac9534de83161bd4c90068fd8603e2b2eb223
UCFSPS/event-horyzen,f7eb059
UIUCLibrary/HathiValidate,3fd9144
UMCUGenetics/clarity_epp,eebcbb6
Unmanic/unmanic,925008e
VICSES/python-viper,ff18c9d
Vinfall/rss2ics,f9821f5eded47d98ac22450a906b5176aca98a92
WFP-VAM/vam.whittaker,a7b2e155d229aab61c149c70c4557be79da3daee
Willames-Jr/pygame-pokemon,a15bf14
Workday/prism-python,5a86d565e9e37f275df1c2c44a62979c4e7d12dc
ZaneH/jenkins-docker-full,80ace9f1997efdcc753142e60f5f0519ec5bd9ae
Zepmanbc/cookiecutterpackage,4fffc5000c359d6c617d6cf3bc0a8104de0af535
ab7289-tandon-nyu/csgy6953_DeepLearning_Midterm,e79a6d0
abantos/bolt,d192965f191bfae1aa94e7298a2b15dba4a7bafb
abdelrahman0w/ouro,4186a3f
abhinav7sinha/python-chessx,eca6397
abhinavkashyap/dct,adb64fe28319d5ef46efd340f2bd1b5e86d3e46a
abhishekpanthee/quantum-database,e120c55c7dfab360c23041ad34520c4bf9660876
adafruit/Adafruit_CircuitPython_Requests,2db92cd
adam-phelps/enjambre,2877ae6
adamchainz/unittest-parametrize,98d30b8f9ddbd3c2098b86f054274b38d9523b53
adamoutler/anycubic-homeassistant,8a5d931
addisonElliott/pyqt5ac,5945a85f6230a97f3467c79441d87f5f9cdb478d
adityaiiitmk/DL-ALGORITHMS,4027dfe
agno-agi/phidata,e3d01ddcbb96a8ffe55c192afac69fa82736391c
agravier/crdt-study,95615135b509541228cbf726097a28658980e184
ahjuyk/2048-reinforcement-learning,93f901a
aidentified-llc/matching-api-cli,f8ac3fe
akhundMurad/typeid-python,f66753d61a72647b1675430b4503a2c8387ff4c3
akshaykmr/emailtrail,147a68d7c413d459bd0d53d52ba81fbc1461f073
aleksandermajos/BIGAI,98ef04c
alemicheli/pyndex,40b47fc
alex-petrenko/signal-slot,987460a9a49ce3af366e65d9bdbaa090291bc22a
alex-waiganjo/CRUD-API-Using-Flask,0e50e4d41a0a691014a05c513482edbb6a2554d3
aliyun/alibabacloud-rds-openapi-mcp-server,3613241bb09a8a4233f3f05ba90e2c5e76eb020b
alliander-opensource/pycgmes,4c948e902182f58df9562126a6aff94d2da9f42c
altcoder/philippines-psgc-shapefiles,a44a73091f19e4950dbdc0d7cb77a5e17b101a0a
altnight/circleci2_test,7bb5df7
alvaromc317/asgl,df8c591484085f41e30f0169b6dae71d4a1b4ec3
amaranth-lang/template-fpga,7627d206a0ee5cf4c60a7ef91b21d13b232a483d
amorey/starlette-wtf,2f75ab3d15828dba534a5cf420260a7ac19852d9
analogdevicesinc/ai8x-synthesis,c08d67fc1a2640b2ed0cda20a477ac98568f2894
andgineer/hrcomparison,f1d661c
andgineer/joplin-bulker,baead4b
andialbrecht/sqlparse,a801100e9843786a9139bebb97c951603637129c
andir/mail2pr,8cdbc17
andr1an/nic-api,2d044e43d7e5f748579f33294f85a67090c709f5
andreafrancia/python-kata-starter,067517c
andrew000/FTL-Extract,3e9c29d68b68d3af8e054102d314d26c58e04b08
andy-maier/syslog2,e745830
andy-z/ged4py,2270bd8
andylockran/heatmiserV3,5778f5b
anglisano/crontab_py,1b33c57
ansys/pyansys-tools-versioning,d713280
aosingh/sqlite_rx,78a22305b6846ebcaad9a5e48c926a8c2328d85d
appleparan/template.py,d5d7f44
areed1192/sigma-coding,2726471
arm61/uravu,c41dca4
arnimarj/py-pointless,c0492312bd7cf34a29c367fb699980afc18016b9
arthru/python-mk-livestatus,52e0a3e40468ea8d283b7493b3aa0c3208c02dab
artur-deluca/psopt,a880793c48533ad7e3af0ccea999c1554f37e19c
asifrahaman13/HackAI_Hack-230648,7711a7e
astorfi/LLM-Alignment-Project,9272fc8
astrojuanlu/copier-pylib,0dbdddfba893dd7547fdcaf212c97258e33612d4
austinmcconnell/mortgage,61612a8bc8b6f36f8795f22c24232b19ade79f57
autoai-org/AID,2368f0e1f8df78cce568266e3c88e493eff1ac89
autonity/autonity-cli,6a0db199139d047e2c4add1aaca8757574ade855
awegg/landroidcc,f7005f4
awesome-panel/awesome-panel-cli,317a62a252b0831ea5dea4ce595660af86c4e6a5
aws/aws-msk-iam-sasl-signer-python,a1bbf3c19eaff152051188bf2344e14727eacb2c
awslabs/amazon-kinesis-client-python,a53c059fd44c2d837bebda68006b87251da1c3a9
awslabs/aws-shell,74d95a7
ayoub3bidi/mercury,bb95be1
babycat-io/babycat,c0507a3ed373975353ac23bbb0c421a8aefbe0e5
balena-io/balena-sdk-python,7f92c104904383f36086359268f291b414420591
bastikr/boolean.py,228f005
bbelderbos/payroll,e8e5d36
bbugyi200/vimala,07a0cd8
bcwaldon/warlock,058925a819c34769669c6b174a3d752111d9f1c2
bdcht/amoco,3e36c5247283a7abba57ce3c06910a7271ab1b9a
bdcht/grandalf,ee80dec38a801c78a9cd72e2d4cbe56809fbf60e
beiyuouo/fedtoy,19f722a
belambert/edit-distance,94d7353cc531bd6e8a8b4e1dd6d0e5588f39144a
bellingcat/EDGAR,9a1181ddb7bd1729d32ce653be16b9c8eaed7b61
benoitc/gunicorn,a86ea1e4e6c271d1cd1823c7e14490123f9238fe
best-doctor/flake8-class-attributes-order,8f3ac55
bfarr-rh/pytest-calculator,b0b01b2
bhandariprerak/SE_hw2,a15ee42
bionumpy/npstructures,e97b2b0
bitranox/igittigitt,54ce81808ec79bc7c35b57540a4d6b6236312dc1
bjhall/upd,180a25bcb22fa54c200c05dbc214d1f84be995a3
blablatdinov/deltaver,3cd8fedf354103d2833dbb4acd555b1e2c519cb9
blackducksoftware/hub-rest-api-python,e274af82aefacfd8ad0af6e50f57b68d3bff8db8
blacklanternsecurity/offensive-azure,674d26e32cbd00ac17d28ab8beb84bdec3e530f6
bo4e/BO4E-python,ff94097932d6e2e0aadb515281f53f3619a93486
boardpack/cookiecutter-pyboardpack,f8e87f4
bodgergely/spdlog-python,cbfd4c2e1ffce3d3c9fbb6f6845128437eb89d32
bohdanbobrowski/blog2epub,24821c9f25bd84e9d6a67df6345a4facb7b2f08f
bopo/najia,9cf119169d7eb8e48febc05274aebf3f7106d647
brendanhasz/dagio,b8541adc5667fc6e4e20fb0f188d6771d1455597
brews/bayfox,3af629b
brews/baysparpy,37c4eec
brews/baysplinepy,05a96da
bright-tools/varints,1c74efc
brndnmtthws/mother-of-dragons,1cc980592d3fbcb2b666994362431932ac303cb2
broadinstitute/cromwell-tools,fb1753dd0fb5363c86c591a5728efef52fc3661a
broadinstitute/gnomad-project-template,1f62551
broadinstitute/varianteval,77d5aee
brunocampos01/encrypt-file,b0d96c0
by-cx/InvoiceGenerator,25dab43bc7a8f7cf7c48b53468c0d6928bda7279
c04074rv/Audio-classification,8301a7c
camptocamp/docker-odoo-project,c05b119
capivara-ai/milkqa-utils,3516863
cdanis/emojifs,0a85dd56c4c43e80776213c2c98c09b920cc38f1
cernopendata/cernopendata-client,625eb9d301a4a8d3c5fef25efdeb505fe45b846c
chipsalliance/f4pga-sdf-timing,ea99ca8
chriscave/mpl_ascii,6b51667
chrischia06/Mean-Variance-Hedging,f3bfe2edef48b5762718d6adb4437b04aeac3ec5
cisagov/clamav-report,6dd3d4c9b9d96c68efb542fa28fb3b4c137f530d
cisco-ie/cisco-gnmi-python,83cc2911bf6a1729f09cc01b3dd023c5f6dfc94f
citrusvanilla/tinyflux,42c2214
clamytoe/note,8a887db
clarivate/wosjournals-python-client,312e32ca509c00b07ce1f9ea00e5e55a898ebfbe
clbarnes/f_it,ba93aa7
cloneofsimo/ezmup,90f9fd2f446c9a5d2858035787ed36c573debdc8
closeio/tz-trout,d7aad1d8f117b09f0937c0a68c64e0da0c1c116b
cms-sw/SCRAM,7b4455f33cbf875bc8a618844a6e4fca84245104
codeatcpp/zxtools,b3ef14a762b3010abc31171237869945c59984d0
cordada/lib-pe-sunat-python,72c8522
coreruleset/coreruleset,1eb44ca
craftled/pynions,cdc2968
crchende/sysinfo,f80f2ca
crossbario/txaio,4d792e0abe9c37617292d90eef3e733845af53cb
csci-arch/stibnite,6c78f94
csurfer/escaperoom,647f3427b34927e34472425b153da1003ff71b23
ctomkow/gluetube,cd9e9eb
ctomkow/jsonparse,9b5ee4b03ad53a3c5da17af7dabefc6d2e5ef4d6
cwapi3d/cwmath,f8b6a28
cylondata/gcylon,1ab8fa1
d1618033/fake-ssh,a7e9568d7ed588a6bb8a64ec9a8d4d5ca7358537
dajiaji/pyseto,c54d901f984acba916dd9c0ab0febfaf9cc50f22
dang3r/nl,f0f70ef
danielbynight/zorn,0c7ae44fb7a01f44f1e9ebf7cbf71ffd12663eab
danielperna84/ha-philipsjs,6a7a93e4b0de705cb5c4f06cd53d80ac0da31d73
danpalmer/graphql-validate,d5d0aeb
darkfeline/mir.dlsite,01af387
darksidecat/cost_confirmation_bot,f8eaa39c3df742bef0fc79b8b7ce0231f1b18749
dart-neitro/xmltodict3,9424983
data-corentinv/mle-case-study,75d33d4568abcf0d11636e4a16bc62d7fb5f19b2
davidsbatista/BREDS,de29ec7
davidsbatista/Snowball,eb6b5f1
dawnbeen/c_formatter_42,410326f
dazza-codes/conda_container,12108cd
dbcli/athenacli,c9e4774
deepak7376/robustbase,270aee00ef98a11a15cbb74718abf1c85b39b69d
deepghs/felinewhisker,3a3c123
deepghs/netdriveurls,39bc891
deepghs/skpick,918f48a
delfick/python-dict2xml,2ae8cf00764e48c916288af40ea64bdba97eee81
desihub/gfa_reduce,31cacd4
detobate/howfuckedistheinternet.com,572abb7
deufrai/als,d40903d
dev-mohitbeniwal/ark,466a6d0
dhh1128/langkit,302339f
dhruvbalwada/sogos,19327cd
dicomsort/dicomsorter,4006917
digital-chemistry-laboratory/morfeus,5dd16cf
disqus/python-phabricator,66190f9065dc68f3bba35c5fcbd0b6baf567b95d
django-stars/backend-skeleton,ccf80903d42a8b3189ec26f0dfa0ee18f4184f05
djdt/pewlib,d1ed57d
dkotschessa/faker_airtravel,d1b3e4d
dkpro/dkpro-cassis,4513841dd5cc4393c3b381a1e148ec378d2e2399
dkweiss31/floquet,306b2ebb23171f5d10a901564b568e6717fee607
dm03514/func-y-task-engine,4ffda7c
dmayo3/mocksafe,417a77b633ae112fb11237445462c712455c69c9
dmytrostriletskyi/accessify,6b7cf86
docToolchain/asciidoc-linter,cecee6e
dominik-air/robot-path-optimization,db1af6f
dpalmasan/TRUNAJOD2.0,b718cac
dralshehri/epiweeks,70c8e519213b205bb186f014cbb33bbd7f7a41ff
dreadnode/dyana,50b81e346299c5e9ce71d03462f33f48882d98ee
dropbox/pygerduty,ef0f6c64737d38bbd1cb709d434595b1e2892d72
drozdziak1/merkleshare,623c181ede12f19493d2aa9e7262df380b8a6140
drprojects/point_geometric_features,4102aa9ff7812b5c9043a2a49abf2cced96d3703
drrelyea/spgl1,a6a7446
duncanmmacleod/pytest-requires,72f739c825957d5695dc12645e177cb31c72cd89
dundee/mypy2junit,a24ac877b44f6ecf116e7c29c3fd80b95da88a77
dunnkers/eml-to-html,bca2c0742bde564f382cbc1359696ef10e318d52
dvc94ch/pykicad,cdebcaeb4ab6c8903ebecfd0748f826ea406923f
dvrpc/BlockGroupTAZ,4454be92d29158ffdb5501f710d2b6a1409fc0d8
dzimine/greengo,d2158f4b3426ce78d4fc00f183a5db8390900a97
e-kotov/rewe-ebon-parser,2d7b2b634bc037ac07abd596c8165d67b58209a6
earwig/earwigbot,dfae10cf12e46d6ad3c33312fdc7bd4649be47c3
ecmwf-lab/ai-models,fabc763453c2704fe8e72625dee7005573939ce4
ecmwf/magpye,ef3cc1263389130bf95dcb09d1b8952fae09d7a4
edgi-govdata-archiving/web-monitoring-processing,fbbe47678d20694196fe4eb45da27fd4355d822e
eendebakpt/oapackage,1e0d1e2bcf3f18c0a9cc63caff2a29d02bee1a24
elbakramer/pynescript,0d01bfe12c3d2a54cda51efc54209e1726d77a80
elbuco1/fen2pil,9dc64bc
eleanorfrajka/template-project,e74558f
ellsphillips/govsic,3cb020c
emirtuglu/Web-Application-Fuzzer,5ec1af0
emnify/emnify-sdk-python,b738348
emonty/oaktree,1a69bfa
emundo/revdbc,58069f9
encypherai/encypher-ai,2d4b25f87e4deee0136e327057bd5faea9f4a365
erberlin/pywol,1e586c3
erikbern/ann-benchmarks,3bb0474
essembeh/pytput,8fd026c7cfb82b2d04d53dafacce680d708e63c3
eternnoir/pyTelegramBotAPI,8ba533a
eugeniy/pytest-tornado,fb163a5952fcc2bc6e9fce211e72dbdc81bb1d0e
eukaryote/pytest-tornasync,9f1bdeec3eb5816e0183f975ca65b5f6f29fbfbb
executablebooks/mdformat-footnote,80852fc
fablestudio/thistle-gulch,f21f79d36619846219ed9d012837ed48ae9fafb3
fabridamicelli/kuramoto,9f838bd6d731d9c9c3f7be01709088d7dc3f133b
falconry/falcon-require-https,1c1fd26aa72b6057748a9919b9638987749bb7d8
fatestapestry/valr-python,3478a3a3ecd2a08614c15cccd14148252c69634d
fattureincloud/fattureincloud-python-sdk,1a81bc0deae25b320fa53dd17885e78608fa3827
fbradyirl/webex_bot,b05fa82393534db9f2e7c8d63de50fca50ae6e4f
fedora-infra/flask-healthz,6dc83f432041f3421d846bf2efe130b009b71733
felipefg/doom-arena,cb5aeb8
femiwiki/tweetbot,1396b9e
fepegar/unet,d5f46e0b1e65994ee01107af9094279962409659
findsimilar/find-similar,70c66c6
finsberg/IN1910,57332a6
flake-it/showflakes-framework,41ad3eb
flexiblepower/s2-python,7b327a5f54ea7c234dcc559518deb76fbacdf59d
flexmock/flexmock,36b7ee9125221ac1458f78cdd3b7b7c4fd525da0
fluquid/find_job_titles,a8a64e8
forcedotcom/SalesforcePy,326e6cf9ed808506edc9704dff725f06d05ac5e8
franioli/python_project_template,bb23ce4
freakboy3742/pyxero,87d852416a3bb503b282d8b4e3749324536f6de1
freechat-fun/freechat,7057c8434aca1f5012185b0f8c39c60c18a84271
frictionlessdata/tableschema-py,75d2accb985c3bfe2e72fc6ee987b6b16628d295
gabrielfelipeg/HiDnama-Bot,8bdedf6
gabrieltseng/datascience-projects,cb79fe2
gaige/mdformat-pelican,6b9c859
galtay/hilbertcurve,58c59c4979a9e8f2882f369821e63a34e6ac4efb
gastoncloud/ai-mike-1st-bot,669479b
gauge-sh/pare,9f85faaf2472110f01cbd492989c1c916dd2ce44
geekscape/aiko_services,dbc548d0eadf0afed958e6fd7f963e39399f938e
generalagents/generalagents-python,d36f6a858685fb1d7842b6f05c8af501130f8efc
genericmoniker/onenote-dump,dacf2fdce05625e0f1842dc62e7d841f0a1733df
geoalgo/slurmpilot,05da48d098d24679f842afc4ee25cc179554df3f
geohci/edit-types,4a33582aef07d1d01fbadf08d6011e1388a3d21e
georgesdimitrov/arvo,86d33af
getlogbook/logbook,ca4d88cffcf9f01f024880ce6ff17d0a410f0a26
ghislainp/tartes,ec77a5b06cb11e1223ab152fc900046c6c0dd2a0
globality-corp/openapi,911dd2a455d8edac8b676205d304b3debdb0b32a
gmarmstrong/python-datamuse,de2d8cd59d181ba3a6eee9c535dbc01df0968d4b
gmontamat/gentun,7e1b64bd1101b11bbb9ebd5d08fe6e94b780bfe0
gnosis/gp-dune-bridge,a6b9c54
gocardless/business-python,4a1390497a85f4e19eea26ff3489dec51e3d3b37
google-gemini/workshops,dc70d01
googleapis/releasetool,a3c8bdc
goyalpramod/cars-api,784f116
grahamhar/aws-rotate,6349234254498100985d02234342751d346b4fcc
grantjenks/django-replay,41cf130
grantmcconnaughey/ci.py,0602fcd
greater-than/PipeLayer,569f43b
gregorybchris/jsonvl,bece787
gruns/orderedmultidict,d3912b85cd6dbb18c3e7bde4d18443931b6608c3
guillemborrell/thermopy,0ec59dfe00cd06d23dfaa861088b1a1e256d6b68
gutomaia/nesasm_py,eb9b483ee6e6f174e07b593c262b73b4d647d2e0
guydavis/machinaris,110dbf7
harishvijayasarangan/agent0-voice,6b3077b
harmonic-minimization/harmoni,869ccfad8f913ee5792faeda8f84b8e924b461fc
hashaam1217/GTCInterviewPrep,7a62cda
hayesall/awesome-bayes-nets,c705e618bf34725b3d8beb6cc1d992cb1d0cc018
hbldh/calibraxis,21f893d325da264c1c5096c633d71db18b0bb9e3
hcekne/risk-game,18ed7eb
heylouiz/scrapy-s3-http-cache,2be2e2e
hfaran/Tornado-JSON,fcc551e4b78cac9245e36376329d84afda296284
hiracky16/sqlfluff-templater-dataform,a430313
hmaarrfk/nep29,cb6b55a
hmaarrfk/redpil,ce8537e
holgern/pynostr,e5dfe909249321b39d64f5a4ed7b37fab6ba682b
holgern/steemrewarding,015455076c747b98186b0ed538ac70afbe9a0f6e
horejsek/python-sqlpuzzle,7be5c5cdfac448a069e8b788c70f271a2f784031
hpohlmann/dungeon-master,8a485764f026108a139e4901faab8695bbc29388
hse-ml-da/drink_cider,b2261a6
huanlui/chord-suggester,41ec89b
hugovk/tinytext,ba91665c4875d9a55e5688cbf5ee70a42033811f
hustclf/that_is_me_on_github,002f6f70529ea54e707c64bc457cb199ffd18e75
huydhn/cuckoo-filter,34af8ade297d7aaa88fdd998c3b589546d5b0cef
hynek/doc2dash,9b02e6075025b19d44dc587e7846079218223b5f
hynek/environ-config,b9b492ddea7010b0cffc5b0017d9655ba1c49476
icecube/TFScripts,aaaacb30fab4725c32d8052e4b7f15a52aa97a1f
icoxfog417/datascience-template,6f65d14
ihabunek/pdf417-py,c163f2a6af8d159a54c56c431da6cc642c1c98b6
innovationimperial/imperialx,a2fa6a9
inspirehep/es-cli,9c4e669
inspirehep/jsonschema2rst,26abd2e98ef3393807a28500303836297e9300f2
interactions-py/interactions.py,ff1f1d5e48d5ac9004243ef33c383aafd49ff409
internetarchive/surt,6934c321b3e2f66af9c001d882475949f00570c5
intezer/analyze-python-sdk,5c501ab
intuit/costBuddy,6b27a0d5fa4d3f6bc8f0cf8c4c69756e068050c2
intuit/mastko,7e3036e
inwaves/ml-training,0a03e48
irmen/pyminiaudio,601d03ceb6f7c3886aa295d0b4459424732f1547
isobe-h/pukiwiki-to-growi,8e38435
itsmehdi97/aio-bunny,5577882
j616/metrolinkTimes,36d360f370367d9d51507af39ef90c57ba6bbd7e
jaimebuelta/std_encode,b29b46b
james-see/python-examples,6e5e5b0d75b46cb9caaa88aee55715d00e58bd87
jamesoff/simplemonitor,6353740113900b7faba3332501fd869442c2e39d
jamesridgway/devdeck-core,d4706ea
jamiehadd/ssnmf,160bba9724e3bb8f7c9444b3dfca69c784cb1955
janetcheung-byte/ames_housing,f85480a
jansel/opentuner,567c48b
jaraco/svg.charts,0d81c1f798f01efd3357eeacf111c7b02da27bd3
jay-johnson/deploy-to-kubernetes,3624ab187e7f4e7d0cb2a45816f24122d7385637
jay-johnson/metalnetes,09cdd26
jaypipes/os-traits,e4bfa8c
jayson-panganiban/phzipcodes,a8b2fc3
jbms/finance-dl,3c4d1be08cde9f9ca9729058b1a3782a152676af
jbn/modpipe,06e1827
jbrocher/auto-pr-body-generator,6bec52ef564222060290866a30c6d7b23b18980b
jcushman/celery-resource-autoscaler,428d8604170c191883d28fe9898da898ad390d41
jdemel/py-channelmodel,75cf2b61a6ef8ede38d2467a5b4aa55c63d35065
jere-mie/sans-analysis,31b956f
jessecooper/pyetrade,b3adc034dcbffecfd70b1ad84e3c3ef5b43500fb
jessizanelato/desafio-fifa,20168c5
jetperch/fitterbap,c5021e19940ab57fdb5a9fc04b44752da624d92f
jfilter/clean-text,5c8f1be72040c8d9f1eb36a730e00dd465111111
jgressier/cfdtools,f0b10c0
jjpaulo2/fastrpa,2f691253cbe8370a7f9ac41000a964057bf358e3
jkahn/islex,e467d6a
jlmcgehee21/smart_hass,0a67ff05eb4f378fd1c5fb06057312d13033a4ba
jlumbroso/imslp,9217c5f
jmandrake/python-template,5deff82
jmp/react-native-bundle-extractor,4a5d0bf
joaompinto/twinfiles,82b9172
joelwembo/django-multitenant-saas-ecommerce-kubernetes,f0d1816
jonathaneunice/intspan,7ff4ee8
jonperron/python-navitia-client,583d6ef
jordemort/python-renameat2,eb40aed
joshtemple/lkml,3b08d65
jpadilla/django-rest-framework-yaml,2e0e219e489984f82c0bad458e0b7174aec110c9
jpadilla/pyjwt,0a99cc2
jpmorganchase/inference-server,54aa917e1c7eba08320eca78810081e71779a30f
jramcast/devops-testing,200defc
jrkropp/open-webui-developer-toolkit,c0c839ad87a6e6fe764f20e4602dbdcb01d7f144
jugmac00/flask-reuploaded,31873e638ec6551ba979d4b6bf320ba63375bf34
juju/python-libjuju,d61ea7dde28f41766a917fd818816d53aa73e8c2
jurismarches/chopper,3b2e90a
justinhou95/NeuralHedge,e7f69f0c16cd87642f47101302d0272a8acba85c
justinmayer/django-elevate,737163bf2c6ba32e32acd32bb3824918bde7796a
justuswilhelm/hashprint,34ac8a8
jvanasco/imagehelper,d83d9d4f3bd4a4a8bd8d75500b69b9c85a42e5b7
kaelzhang/DA-RNN-in-Tensorflow-2-and-PyTorch,1a30c3d
karpierz/pyc_wheel,87abb30bb9d94b82097bb3db691d53834adec4a1
karrioapi/jstruct,a4060c5
kbsezginel/angstrom,793fd05b9bf27cab50d5c292fe63f685ea767d6d
kdybicz/adobe-color-swatch,dc59700
kirill-markin/repo-to-text,18b4b0b
koenhendriks/ha-button-plus,0a1e2d4bc476492d947b67106648935e781c7432
kokimoribe/subsample-seq,8f3e5d7
konflux-ci/release-service-utils,746eb5f
konradhalas/mimid,ec5856810eefbbc4a7f425c4a6804ee5a2d5a3dd
kpn/py-fqn-decorators,c132724
kpn/py-pkgsettings,1cffdf2
kressi/terminalplot,a31d6dc465fc3114d34c168a3e04de2de5f8f2d6
kubernetes-sigs/jobset,8da0cc56c3a58ca6fad688763a975679385ef560
kumparan/nlp-id,c04a6223ed2143cb49dadcca24dd00797c07f183
kylebarron/quantized-mesh-encoder,a40d93b3146a3c2fdf6b3e4626500df5f7cd208b
kyleloomis/finstruments,f700ad52987bea74567a309889ae6f688d7d25b5
kyrus/python-junit-xml,4bd08a272f059998cedf9b7779f944d49eba13a6
l3str4nge/imgprocalgs,8bb0350bd58bdb38e7716eade8a58a8898f38e48
lareferencia/dspace-stats-collector,f88a678
lauft/timew-report,d6c9a138bbb52c264e408fedc59cf3b6ee9cb0a3
laurelkeys/uc-compiler,4b42162
leezythu/UCTR,675ee33
leezythu/UCTR-ST,5689363
lfurrer/bconv,767987d06ad8c48c5c1a4cf058c8def4cc28bf0d
lidatong/dataclasses-json,dc63902eeb5e1c5ce1ea4e078c50e0eb9bc1a541
liltom-eth/llama2-webui,b61fe72e7a7126cf3d75338449fb4fa5587ec466
line/centraldogma-python,a2c2b98507c6905374ae13cfdc61ace3672e38b4
liskin/strava-gear,cff6ece0f2538080c98e1780d64119d00dcbb508
liskin/strava-offline,a9e45f1277a1e26d6ca4a1c60c445f6d6d3c28be
liuh886/open-phrasebank,7535b9c
llm-workflow-engine/llm-workflow-engine,90281e3cb9d6c9e83e2099869d445285ec16251d
lmcgartland/graphene-file-upload,70efa3238ba5155ee5d2f4a2dbbb519884bdca59
lmdiazangulo/MCFNL2024,ff9cb1f
logic-star-ai/swt-bench,37c5cbc97603f1fbc4014e4400c230406a187f36
lorenzboss/m450_LB3-algorithms-performance,52e649b
lorien/proxylist,ebea3e52e095f60546728a348927233ef29b1cd7
lsst-ts/ts_xml,2cafbb1
ltskinner/software-engineering,4ff9f3b
lucaswerkmeister/tool-speedpatrolling,a56dc3d07caa6b0a675539f602a1643798c5fd37
lucaswerkmeister/tool-translate-link,c744b48
lukaselmer/hierarchical-paragraph-vectors,cc631a8
lukasmasuch/streamlit-pydantic,9f84145b6b6e74cdff3a7815ab75b0464c4d4f24
luketainton/roboluke-tasks,3ea3a25
lukin0110/poetry-copier,4125fc053910993c8ebd6be71b8a6e090ffb0335
lxyu/17monip,1b569b665f973a77d723ee92077711a2c66a7ee3
macbre/map-porn,cf9c64a
macbre/mediawiki-dump,b54a8f42a8ee178dadfe387e7b7aece68a508e75
mackncheesiest/peft,a59bc148357dd9399315062aa16834bb6baa7836
madpah/requirements-parser,5937fb4
manuel-alvarez-chaves/unite_toolbox,f2d0ea63d3bcc8302189e60daaecad9c4f0cda5b
mapbox/snuggs,e98526378312a3bed816328478d5b2e0e740a63b
marbrb/python-colors,93973b2e8f8779725128b7b2644dd99e20fdfb14
marcelblijleven/fittie,b328af7
marcin119a/SigConfide,9e6f8e3
markets-agent/agentic-search,d040f5500a65e26054f3fc4a07801e3863f626a6
marshmallow-code/apispec-webframeworks,d279ae85e97f8e2711bc7c0b6e189753d96a131b
marshmallow-code/flask-marshmallow,3c93f12ed1532fdc167aee33fe94763a8268d07b
marshmallow-code/marshmallow,7266de0c42e26c521801b7c01417d1f738e8a314
marshmallow-code/marshmallow-oneofschema,6e12b31b94f69821a62333914d12aa1ff496dc28
marshmallow-code/marshmallow-sqlalchemy,fa29cf454304e1bc0b5d7ee8e02a042be958942a
martinn/quickapiclient,c32cdd5f0bef8218a16642821a38be0d09bea4d2
martinoywa/pracitcal-mlops,9bedb4de0871af306e2b7a1b5775befa0d1b649f
mastnk/imageshuffle,f3e9b3b670acc868160814a2fec50689be6e358e
matamorphosis/Scrummage,91a7a68123d485eb971440a7618beeddb2ee2e49
mathippo18/Select_Jeu,b042641
matplotlib/data-prototype,f68736b
matthewdeanmartin/is_it_up,ccc8785
matthewdeanmartin/openmock,0aec2fc455c2d1c3f176334be64509f65db1a069
mattstibbs/blockbuster-server,cc66278
mbagagli/filterpicker,4654cf4
mdapena/pyventus,0d3b42a67bc658b2eb03a29fe872bcfa10194f10
mdsrosa/flask-slacker,3417680
medialab/minet,62042f4
medialab/ural,024c863
memory/python-dpkg,f534a09d24310afb9f15492126d447be04d3e6c2
mendezVKI/MODULO,d3faf2172bf0a6c15977d5c11aaf540d3051f717
methylgrammarlab/deconvolution_models,e89ecea
metomi/rose,ea7a1b0127515f8477344aab09ea723380015729
mhauru/ncon,7558dfe486527dda1aac2e88db1f5bf88eba1223
mholtzscher/syllapy,9b95c13
michilu/jinja2-precompiler,88ae4896b4b432c09592bdbc23847eb70f2d9e74
microprediction/gptprobe,dfd81582d7c8d9876846716cc02848bb3895f10a
microprediction/m6,f6db8de4dbcafb14293f4d5e3f841e18d2f2d672
microscopexyz/chainmetareader,7176eee
microsoft/News-Threads,77e8db6
mikegc-aws/Amazon-Bedrock-Inline-Agents-with-Return-Control,2f1ed4651dd6b02fd05dc7358e6ce9ce110f349e
minaskar/zeus,1abdf08
mj6meron/dice-game-project,91af7c8
mjwestcott/pypokertools,cbd07b7
mkayeterry/recipe-urls,742d8f0
mkdocstrings/pytkdocs,96560effaa047da3ff1b7d35c40b4dd4f924040f
ml-energy/lowtime,adf48b6bec599d63c98d358235d963b1f56e1638
ml-tooling/opyrator,3f443f05b6b21f00685c2b9bba16cf080edf2385
ml-tooling/universal-build,e5fa7afcfb1a0fd1b00b27a03fc816668292cc2d
mlaitinen/ofxstatement-revolut,c3a3826cc472befd7d1413be10628302d667b314
mlasevich/sharepoint-tool,a67fb31
mlederbauer/glossagen,02bb9fdbce9c2ab22fc293eac729b719d5b64df1
mmore500/curaitor,eef5e6a
mockfs/mockfs,f19b305cde72a9a7a7a7af2dcb63c7c9e77bd6c7
monasca/dbuild,895cc59
mondeja/mkdocs-include-markdown-plugin,1062404c833381c0c33588c8ee606ce6c9a2ed8e
mongodb/mut,f3697c77085b8945e95d3a4fc09d13ec42b390db
monologg/ko_lm_dataformat,fc836ff
monperrus/crawler-user-agents,a5b21f17a34c3817a47cccd2e608a24e0d56e962
mozilla/bleach,4bc1bff
mozilla/docker-etl,14e143cabed2c542b1066855127e60392a597aa4
mozilla/glean-dictionary,f75b25f
mpapenbr/python-racelogger,3203c6565bc08c3667e03673bbee57fac8906abb
mpirnat/dndme,d8cdffe3d130e0d9d9b155b33853dcd47096ce29
mpopt/mpopt,e7fb6a9831204d227ba7c3e2ce956e8488493842
mrkiura/asgi-cors-middleware,3866b33
mrtolkien/riot_transmute,d20c6f5885b3fb693b082ddb53ad09e132df44c3
mskcc/cwl-commandlinetools,21934fb
mtreviso/deepbond,a36ccb7
mutwo-org/mutwo.core,adcb2e8e98c441ae430fff3b8639349db60b858f
mwojtyczka/databricks-dbt-factory,57ea8d8cac34f1c1bc76e19d5a63fd3994cff2d7
mworchel/xatlas-python,20b201882e2663f6be51c2aa2ff2508ddbfa2b67
naglfar/krunner-keepassxc,8cd16c589ca84732650cf17dff28ab36def3e407
nandak9/Chatbot-Framework-Using-Artificial-Intelligence,7492309
nap/jaro-winkler-distance,10cca1a5439bc4d3b700e8adc703ff4d5a80a31a
narekgharibyan/ptimeit,34ee729
nasa/SMCPy,6e8c6d684ff221e87dc6cdbb1d43fc551874777a
ncrocfer/whatportis,59a1718bf7c531f2a5a4e213cad0c047ce9c1c94
nel215/change_finder,b2da60e
netbox-community/pynetbox,97f1e8b0c0e74d097f6209dc335f7428bb9be383
neulab/compare-mt,b6d8f79d02043243c3d8aa58373a0f4c55e17a69
neuroforgede/docker-stack-deploy,fa8c23d60b22b829771f43caec9f9551e8de2dfb
neuroinformatics-unit/fancylog,be60b5c5b1c07e50adacbb47144679b45d630ee2
nickdelgrosso/XCaliburMethodReader,dc08853ae81058a6651d017ae0884bf61dd2a966
nils-werner/pymushra,33d49f5
njvack/markdown-to-json,cceb8a42734b03a1ff9b9fef4fe3ad9f07694b35
nnitiwe-dev/fastapi-cicd-demo,8b89f0e039b049d7a37c90742fbd5b46dc1f1eda
noahgift/cli-multicloud-devops,bfc76cf
nogibjj/CD_FastAPI_AWS_DY,5cc6150
nogibjj/IDS706_Cirun_Test,6f26a8d
nogibjj/Michelle_Li_mlops,416c50b
nogibjj/data-science-projects,1eb810c
nogibjj/hugging-face-gpt-trainer,637b21a
nogibjj/vector-graph-db,c5d4c04
nooperpudd/weibopy,61f3fb0502c1f07a591388aaa7526e74c63eaeb1
notia-ai/SliceOfML,dcf326f51212ef96bd674dbcfee276d8b5b0698f
nstrydom2/anonfile-api,2175e6fd2b79607017038a4441a9ff323e0b9105
nteract/dx,7a021b9830d844373331341858309b1ba2f60468
nteract/pick,657059a
ntoll/microfs,3c28361
ntoll/uflash,147ea94
nucypher/pyUmbral,b2abccafa6dc007fd4d3de60c83bc8f1a857e885
numericalalgorithmsgroup/pybobyqa,09cace9fb6399c01892da9f5d5b0b271cda08815
nunenuh/python-grpc,4576e7c
nvictus/svgpath2mpl,c8d3d9ef2bc97c8ba6a3e4e01e92faca6404f2eb
nvlinhvn/HSTransform,c35c70a
nxtlo/aiobungie,950ab29
nylas/mypy-tools,5c5a7a1
nylas/nylas-python,9bd4e6c8d7cfec8c47e2c28a54d9363419d40fd4
oasis-open/cti-pattern-matcher,73c1cb9492adf6d698778a1b43ec5877bd674aa1
oasis-open/cti-taxii-client,54dabadf1a67517e99e6a8f2961614a2a4f5ad2c
oauthlib/oauthlib,a015b446622f2b925517501fe484c10eff7a83c0
oceanbase/sql-lifecycle-management,11b668c27ba551b7dbe02c19226a1d46c9a7681a
octodns/octodns-gcore,cf8afb5ca25c75d28a23d83f7cf4bdd8fd9ce2f2
octoml/synr,6f8ba7fdbd359fe7972456dd69c18a9c49a50c0d
ofiriluz/octo-pipeline-python,58f6dcc
okta/okta-jwt-verifier-python,ba7791d64ac3827b2bd6178304f08bde0113fc5d
oldcorvus/dynapipeline,5bb73bdd22701895c0dfab8b057e3ead19a29efe
olofvndrhr/manga-dlp,92bf5d4c1b05a839c75d32e62350613e40462db5
ombhojane/explainableai,91ce11146f200c1b296ef91a402c12be0686f34f
omergertel/pyformance,b71056eaf9af6cafd3e3c4a416412ae425bdc82e
ondrolexa/pypsbuilder,35d23108c0c38a7d11409e2f28bf0b1cfc76fdba
open-meteo/python-requests,427bfa0649c2c472f25db27dd7ca3c70c1f86147
openstack/ceilometermiddleware,0387c64
openstack/charm-cinder-backup,e16c66c
openstack/charm-cloudkitty,2a6dde2
openzim/youtube,0f82f05d6486d3d09a0fefe47f90688a961773f8
optuna/optunahub,d6245cc79d41b3245dd67a1205396ad7fe28b27d
orsinium-labs/flake8-length,aca815174e8779b4a9ab9cd9d052e4c04da8b584
os-mey/MazeForge,2a8f6d9
otuk/infobot,8baac7bb33f2ef8785d79cf8e0cc2542884ea336
ouahibelhanchi/pytimeparser,328945e
ozymand1a/qa_bot,1dbb6cd
p-fruck/python-contabo,520186507d51ab668ee392a56b2fc486aabc9870
pallets/markupsafe,2390dd2360a9a84f1f26b2de3651bc4536fed3b9
parijatmukherjee/mohflow,d39c6c0
passaH2O/dorado,85c3cc39bb82ef282cf2244efd3f7ae0e246d08a
passageidentity/passage-python,48d9d190e21be37062360e3fca13da85086f0c05
paulromano/endf-python,044d9314a502319f1e6cef33c0e9f39f9d59d3ef
pawamoy/duty,44e60f8719aac35d1841ab8865a6535826dd7281
pawamoy/git-changelog,0466f5ace706086fef82ff6d577169d4291693f5
pawamoy/markdown-exec,93cf11688af670c3f92a2b5eac3b4de4202023c8
pawelrubin/rustshed,125993ac118d8dcb6d6a3c29bfc9b13f2d5b6989
pawelzny/dotty_dict,ecfc382aefef9b03d3d2403c909ac4b0ec2946c6
pchomik/pytest-spec,21124393557be43a6cfa24cd6960e4dc65e264e4
pedramhaqiqi/LANPONG,407f9359ee665a78836ae42f7126ffc8850b36ec
penguinolog/sqlalchemy_jsonfield,8fb8d0a2e3d4a5a08d1f7152a4cbec227e05f9ee
peter-lucia/algorithms,6bd571b
peterhil/leftrb,c5e123d32e373919bb00216cfb49da5b18c2a4e4
peterschutt/sqladmin-litestar-plugin,e9dcd8d35e7308b19f2844acde6ffe36b34dbace
ph4r05/monero-serialize,2899c573329424ab07ec0d86b688b7b5e8d2d956
philipschall/shapelysmooth,c141c962239075ad85a20f71097375b0a83ac9f1
phucnt1992/azure-well-architected-framework-mindmap,e81aac0
pingviini/pikacon,5982f17
piyush-an/DAMG7245-Spring23,af9f62f
pjz/timejournal,b0c11b5
plf14/Golf-Handicap,503bded
pluto-lang/pluto,1e149ac
pmrowla/pylivemaker,ceeb12911c571fe6da77107bb0eaf7eb29594612
pndurette/gTTS,0f73323bc7a50cb379ed9236b275b9a4d7b19146
pnnl/ESMAC_diags,3fe9707
podhmo/alchemyjsonschema,239822ad0685b473e8cd5df7cda6f4487bcb8e94
podhmo/prestring,8a3499377d1b1b2b180809b31bd7536de5c3ec4d
pollination/queenbee-pollination,0e01679
pomponchik/cbfa,4b90ca0ae1e30cbe0142eeb42736ffe1665b119d
postmen/postmen-sdk-python,d5f2855e7aa009e4bcf79a8004f363c0cca9d43e
powerfulbean/mTRFpy,b7662577f5b1e9a3a18be4beb5e405562ceaca67
prasanthg3/cleantext,f0111cef2a70c308af55943247c3558e0a29917a
prmtl/simple-blockchain-cli,f85932a
profjsb/timedomain-taxonomy,5112b0b768eae14b68144dd9de6deb0677109d22
projg2/gpyutils,6fbffab740a3c1f64bed88c147f0390478220421
pulibrary/prds-validate-csv,a9fcc5f
putuwaw/telegram-bot,bdd46f0
pvanheus/parse_accessions,1b761e4
py-why/pywhyllm,6476b90d0aa2f650749f08504fb369c327f6e36d
pyca/pyopenssl,62a0f5041e6a7e8c0f01b6421b4e95c6daca5f99
pycontw/mail_handler,10b3da0dc06a13e2c3942ac2ea032cac73f9a515
pyfar/pyrato,4e38b81
pygame-community/pygame-geometry,3c11f8e3d1a1107e2189d740f673026a710e9313
pyoceans/python-oceans,a7954cf
pyranha-labs/atoparser,27fce77
pystorm/streamparse,aabd9d0
pytest-dev/pytest-metadata,16b39d2b8ec7500d566ff8b45576ea866d2c719c
pytest-dev/pytest-variables,fba01030401e5acbe917509b5bfdd56a5cf00482
python-discord/bot-core,16835478af6b842d776d634e53aab8ee31bd350c
python-excel/xlrd,3a19d22014d7b3f3041b7188d21a653c18c709bf
python-periodictable/periodictable,0b8ba54b6fe9ff5ace0dba0eef23cf485962f5a8
python-social-auth/social-core,25fd0b1534b9cd69087cff9d7cdf69a168f2607e
python-trio/trustme,89b5112
pytorn/pytorn,c8c7df63f665dad84b4701a9f51a04c4c2751e7a
pytransitions/transitions-gui,8cbb247d30ae0e8858eaaa3a91cb149922912860
pyurbans/urbans,7cc68a73a35808aa7c61ddfbf3f20e14c5ea832a
pyvec/docs.pyvec.org,7c45e52
pyvista/fast-simplification,420a5e12c22165938bd0967935f08bd37b233d17
pyvista/pyacvd,ac31b681ff34d4fd157b61105fe1987a22f80b53
quartictech/platform,d9f535f
queirozfcom/python-sandbox,2938cab
radiantone/pyfi-private,bafc422
rasterio/affine,a7a916fc7012f8afeb6489246ada61a76ccb8bc7
rbignon/woob,eb61681
rbiswas4/FactChecking,24900c2
rbiswas4/template_repo,4792b5e
realshouzy/auto-file-sorter,a897fa7
reedjones/pybatgen,4644f42ae112dcf686f959b82044f95b172fb309
remind101/dbsnap,6324779703b8a94be9c1468f443e10cfce327127
renatoalmeidaoliveira/Worktory,af2f07013381094f69e884f720c90ab80986e34b
rennf93/two-fast-auth,8c10343cf8ccf559d977dcdb5317c0c54b6823a6
reshalfahsi/neuralnetwork,a5d2a25
respeaker/avs,affcb7dd1b7ab7461ab812c4e0cd448cbc95f076
return42/fspath,e7c5bb2
rgal/gym-2048,1a31a26
rh-messaging-qe/fmfexporter,abcf107eb34b954f64c803a797a929d4d5e1f7dd
rhodrin/ci_mpm,336efd1
ricardochaves/django_http2_push,d99cdfa
rl-language/rlc,a7c7a92
rmax/fastavro-codecs,40b3195
rmax/scrapy-inline-requests,2cbbb66e6e97260b7e126aa9d8ecde1393a554c9
rnicolasmr1998/Learning_Python,fd45ffb
robotools/extractor,c592006dfc74d452a332b20984087e2452ae6e8b
robotools/fontMath,0ad923dfa4b07f2857639a81bd2ae62cae44dce5
rom1504/python-template,56c1bfc
rqlite/sqlalchemy-rqlite,a052c0d39d50851b768f0bd7df2a13074aff0b9b
rr-/docstring_parser,4951137875e79b438d52a18ac971ec0c28ef269c
rr-/urwid_readline,a887d4559e7e041f70b488fc1965b5310bc20b35
rszalski/erfc,ba982e6
rucio/jupyterlab-extension,f2da228c50b937fb6297c41d07759913adbc1d76
sahil-kale/pdf-utility,b35d676
salesforce/cloudsplaining,6fd81ab61045093f18c98e68d310402bdfed08af
salimfadhley/sneaky_telegram_client,3115fd1
salwator/training_stats,3f3bacb
sam0jones0/amazon_wishlist_pricewatch,d2dbd39
samdmarshall/pbPlist,c553c8d
santoshphilip/pyclearsky,e3046e1
saymedia/remoteobjects,48c5cda43fda7e08b4c86e86f93279d3395e5906
sbrunner/sphinx-prompt,2ca8f9920bba0aa27246dfbbc542775b0a2a7528
scienxlab/unmap,30269199b54be09072f0950f0d6ccbd9843a739b
scikit-allel/skallel,ca15ede5d4385e97b2be8b6e4795885f54270143
scikit-tda/ripser.py,a005e9499cfeb77ce585a50c1d8a60a9bf6815a6
sckott/habanero,ff2eab4
scoder/quicktions,46e65e997aa339870efec2f3ab571483adf9a4f7
scrussell24/hype-html,c4e9188
scylladb/scylla-api-client,67e26f5
sdonk/django-admin-ip-restrictor,09ff6c1f5f17a4ef934d94d8a8d6dc9d0cda8c66
sekipaolo/pypingdom,b36a027d85413d3a147c85590d11c396068af098
sensu-plugins/sensu-plugin-python,d41a446
sepandhaghighi/nafas,ebcfc97
sergei-maertens/django-privates,4aca82bb1b0161c2cb1b017cd9a3f539c69ba727
sfradkin/livecode-archive,fed6bae
shivammathur/IPpy,d0256382cbcd159f5ead53c0b415d2aa5d805d10
shoppimon/figcan,0c5ca46
sibyl-dev/VBridge,5c4c49dad7cc1ad4e734dfac24b934088fc75bc6
simonw/datasette-registry,afd0296
simonw/json-flatten,78c2835bf3b7b7cf068fca04a6cf341347dfa2bc
singingwolfboy/flask-dance,70f79fd9b633cea7b9742219888fac08069edc22
singingwolfboy/flask-sse,371a8de98a3f253901ccae70f0580773c18b399f
sivakov512/python-markdown-full-yaml-metadata,63b164633a2bb6b3c6ea1445894cfd51d9dc9726
sloria/webargs-starlette,97a683108210046e1eea97e61e792456df2856ea
smn-ailab/regression-em,35ff005
smorinlabs/py-launch-blueprint,1c84afa61f2abc7201f79fe590fe7ecb8a54b284
solvire/goodreads_api,834da17
splintered-reality/py_trees_js,1725c768305e1f19e79cfffb166013c876b835e4
st-bender/pynrlmsise00,661e24bd480d5af8dbf248d1328d88729faa6e48
stephen-zhao/datetime_matcher,80d9152
stereobutter/jinja2_workarounds,3ddaf6caac2d9360bc0fe4845e068665866c9d47
stsikata/music-recs,eb7aab1
sujeetkv/flaskcode,04cbc197f7d3bf319490af4f6fe7c6415311057a
sunnysavita10/MongoDB-Connector-PYPI-Package,9b3ee39
superlinear-ai/wtpsplit-lite,958282e0700d93b2d5dedb6f82ccc4e0e960124d
swimlane/pyattck,99dd888e3a0f4438f1983a95ba73c9380a3ae913
swingmx/swingmusic,cb2e98a
sysr-q/flask-themes2,62cbe82c86dcbb44fe5ec3c358c4a51b1ee3d8f6
szymanskir/SpeechCommands-RNN,3426674
t2y/pytest-quickcheck,48e853e61f03a08d76f47eee16fb44ab24f3fc93
tajas20006/neko2020,c78a5c79f4d86a5aab1f656809af2405bee56853
tasksched/tasksched,685f6c2187f106639d89285a10390641c1220e8b
tbielawa/bitmath,f72a79b616ddb7dc48ea7356514fc7739e1074a9
tdaff/remote_ikernel,e3580e63e7c0655274271efaa45923646e036075
tecnosam/pydongo,eb034c6ea13ec760a7caa6104024dfc690df2ecc
telestion/telestion-server,d7dc8cb34a7a9486852c1eb26e3d69f839565730
tgalal/dissononce,1a5b468a4b8cc4547980e89f69ac9dd1ff2a0095
th679/Robo-Advisor-Project,ceb1e78
theaiscope/aiscope,32f2cfc5a1bbbd1baad20e34637cbef6843f1424
theirix/apispec-flask-restful,c9780060d6ae118b2732700af8691d4b3b18bc4a
thejohnfreeman/autorecipes,d63c318b0d98bb7e0d6aa43b6da2ccc0a5ebe3cc
theochem/procrustes,8f1173aff0613a11c495d80c6642e028401fc278
thibaudcolas/kontrasto,267397d
thieu1995/enoppy,cc9c95062650fc993d90b796fb6f133163bae1b3
thiswillbeyourgithub/karakeep_python_api,b3367cbcad30f1a42702946d5098e8393d7a9885
thobbs/pure-sasl,b215f70
thombashi/typepy,7ad552ffae342f2b8c7af682d5844199e7d5c771
tiagocoutinho/modbus-proxy,93b3350577b3762c1e6b496c67f2d9b547dce9a0
tigrus/dadata-python,614bc9a765d9401cef12b1b07364c1f98ea81c10
tillahoffmann/template,16f4847
timeforplanb123/nornir_cli,ebad8c93593a81bd79b01762b1bdde9fa2b1337d
timkpaine/tornado-proxy-handlers,94cd8b9976cc50785aa2142fcbc2c51d9cdae947
timsainb/noisereduce,f33f3db55c28da06f278d2d4883370fc1af30fb6
tintoy/seqlog,373dbe565c6020040e08cb8f98d992a2c20d5f4c
tirthasheshpatel/cvma-python,04b1c98
tjcsl/cslbot,987f1d246453e0fb7d26d82ce3a983a6e4b25130
tkukushkin/tox-poetry,7c4595e64c822ec1a31cb7116dffe0320a7327f8
tomerfiliba-org/reedsolomon,796639ca4953f1f465ea60682ad4a826239137e7
tonybajan/flake8-check-action,3497f8dd6d8a445bfbddc66bd4e38a743bbdf9b7
tonyo/django-migration-checker,9a50e98
trallnag/prometheus-fastapi-instrumentator,63b05e52b6687e7371551d57a525f090e65ec73a
treasure-data/td-client-python,3de0350
trevtravtrev/AutoTwitchDrops,f100bf766ff2d31ab64398e0278c8c1e21f44004
trey-basa/chatbot-AI-master,3583ee0
trouni/demo-package-719,f67536e
trzemecki/Unum,fcd0c2e2b9e264956327254417cdc1c26f7fba39
tsroten/dragonmapper,bf0034e0f09b1bbe46a6c8dcf32a35dcd92b9f86
tsroten/fcache,2972445635ed56d53bef283c946a6be94d75e099
tunakasif/torch-frft,e6b8f75d90239eacd8481acaee995717b952d425
twisted/towncrier,7b447ecabd3dc18e6ae368e05a7c87595cf1337b
ty-porter/RGBMatrixEmulator,f293a92b87877e41418740cf0c48e8aa091515da
tykling/mobile_modem_exporter,29fd40c
tykling/qwiic_exporter,335b661
ucb-art/BAG_framework,daf4b0aaa72f056c7b3c90a402812a07dba9b4d7
uclahs-cds/tool-NFTest,983fa93bfd1e221882d27429813da9617fcc6638
udacity/nd082-Azure-Cloud-DevOps-Starter-Code,a239a57
ulf1/augtxt,ddab51e
ulf1/treesimi,eb06587
ulstu/tp,50b2de7
ungoogled-software/ungoogled-chromium,96d8e27
unitedstates/python-us,50cc290a26917eb2f9d0789b647299a9096ce929
unkokaeru/pythonblankslate,4ec4e48
uptrace/uptrace-python,d7c5cc3
useblocks/sphinx-data-viewer,b7743f5039822c27a3e192d365c2bca7e8eeab40
vaipatel/morphops,63f678c4762be957ca51bac0b92609d244ef18ce
vc1492a/PyNomaly,8878572
vembrane/vembrane,50b6ab77e3de6b73f28441c9d16ccdd99ba326d9
veryacademy/FastAPI_AWS_Lambda_Deployment,ef404ad
video-box/videostore-python,d4472c6
vietlq/sitemapbuilder,7fc2cef077b9a985e503b4acc713022ac1295807
vikingsbuild/vikingsdrago.repo,ba73a72
vint21h/nagios-notification-jabber,a494ac7686a8bb3b0aef116c9f728b016d694326
viseshrp/workedon,7fcf0ac03644d5fe10d1dd650574b44ea53b758f
vishnuvardhan-kumar/xccdfparser,053a708
vk496/zisofs2-tools,60e1199
vmware/django-yamlconf,f9133e30553fab6b53382cc52b04e98ccc486656
weaveworks/grafanalib,3ed1a9c6e551ba6eca7e4307a6bc0cb89dae0e3c
web-push-libs/encrypted-content-encoding,d2d3a156d4d8b5e51b2cb5cda07d88157b4c34e3
webrecorder/warcio,6775fb9ea3505db144a145c5a8b3ba1dfb822ac1
wheelerMT/pygpe,142ed5d6b1db68dc54f412a124a35e5cbd4aba3b
whiskyechobravo/kerko,25912556707f41720e0cc7f8af4c51e02ba787bc
wireservice/csvkit,de4ec58126e3341e4cf8c54735c297d6496fecf5
wisemuffin/nsw-doe-data-stack-in-a-box,1101f11
wvlet/wvlet,707839c50f1de1c35fabac66196f0cfeb0124e2e
wwhuang80/DPUG_sample,28021cc
wwilla7/factorpol,ad9cbe1
wy-z/requests-openapi,f22af7354b48f67eaa511682e1d7a609dfdf3630
x42005e1f/aiologic,0998751fed16ba93c3041d466e4940bc6c0f7589
xdevplatform/twitter-python-ads-sdk,a3dd5819341e77aa469d0b4b3399f0bcd028c80c
xethorn/garcon,a21c89e
xianghuzhao/pdf-bookmark,80e420512cf4eecf7bc4096e1341b7911d63d71a
xlcnd/isbnlib-bnf,3e56ce1
xlcnd/isbnlib-porbase,f13cbfb
xljones/tuya-tray,431a5f5
xvzc/boj-cli,3d6c7df67b50079ddcd4f8803699b47e27cf634a
y-bar/bocd,5f272b1f2252b5d396130707a35229757a9e5f18
yi-jiayu/nlbsg,0b65897
ytopt-team/ytopt,78f05de5cb0136038e299d5dcb2d8701573bd832
zackees/static-sox,2f5226a
zalando-stups/python-tokens,7f413e30d3899aa69f47e2373eb942a9cdd51385
zalando-stups/zign,75d267548e711e86b8924d271a383d23c94ea8e6
zduclos/artvee-scraper,6a78972
zheminzhou/SPARSE,deb9361
zhmcclient/zhmc-os-forwarder,2752130
zifeo/dataconf,aa0406cb32296a16246a130e68835c76ee8ccf9f
zmap/zschema,9c256777b0d74b84fd3bcb4e71c2339ac4e2ec95
zmqless/python-zeroless,970fdd88124caded87b883c389edbc6a9a534e29
zmwangx/homebrew-npm-noob,3ab4545c493c0fd9a82244eb1b7cffd1e0e9761a
zodiacfireworks/pyker,0d486af
nherbert25/cards,8f0ef326745423ae411186fcad69da4b2c9455fc
ClickHouse/clickhouse-connect,41eb75f4142780747d2213ef7a9b4183de4eaa38
Hi-Dolphin/datamax,30ef725d3ea807a92eba99743f66fbc9561bf0d7
authlib/joserfc,b8434cb623d4b3b9fcca7cf213e3083067bfe692
cfahlgren1/observers,1f9947450838c38d6d1f3f95d0d9461c9535dae3
allenai/olmo-cookbook,5bad1ef836425dcf11aacb68a3f4568399a68726
demisto/parse-emails,f631ea195f26708e0cce46d5300596bf580be165
SigmaHQ/pySigma,919e8d10cacf3f8e0118fe048c921c23298cfdd7
geekcomputers/Python,72ceeebc00be9251d64d67579b85ac78dd1fd534
onejeuu/sc-file,b51d8173ea0b417a4831e14bc3867fffb0c9a573
usepat/SW-soniccontrol,cbca275876e223a3f476094aeeed7eb94918e166
Eden-Kramer-Lab/spectral_connectivity,d74ce9c6b8a58f142961a9fc7216727622ac04a4
